{
  "parent": "item/generated",
  "textures": {
    "layer0": "goutroscurrency:item/coin_pouch"
  },
  "overrides": [
    { "predicate": { "goutroscurrency:coin_texture_index": -2 }, "model": "goutroscurrency:item/coin_pouch_empty" },
    { "predicate": { "goutroscurrency:coin_texture_index": -1 }, "model": "goutroscurrency:item/coin_pouch_default" },
    { "predicate": { "goutroscurrency:coin_texture_index": 0 }, "model": "goutroscurrency:item/coin_pouch_netherite" },
    { "predicate": { "goutroscurrency:coin_texture_index": 1 }, "model": "goutroscurrency:item/coin_pouch_diamond" },
    { "predicate": { "goutroscurrency:coin_texture_index": 2 }, "model": "goutroscurrency:item/coin_pouch_gold" },
    { "predicate": { "goutroscurrency:coin_texture_index": 3 }, "model": "goutroscurrency:item/coin_pouch_iron" },
    { "predicate": { "goutroscurrency:coin_texture_index": 4 }, "model": "goutroscurrency:item/coin_pouch_copper" }
  ]
}
